protocol,seed,mAP50,mAP50_95,precision,recall,seg_mAP50,seg_mAP50_95,seg_precision,seg_recall,ratio,n_real,n_syn,epochs,imgsz
NAS,0,0.5993141431754596,0.3938308828077598,0.5901938532898742,0.5523006316322401,0.5521488804995498,0.3680047236995284,0.5812695025286926,0.5379781980856824,0.5,64,32,50,512
NAS,1,0.5785887638145573,0.38667896997022166,0.6553382757567685,0.5980745808011345,0.5198364159219494,0.367176507557596,0.6096347945749201,0.5566990668140643,0.5,64,32,50,512
NAS,2,0.641309179875224,0.4170012733353591,0.6262462587930085,0.6751553788710508,0.6101635211038222,0.37962000225604337,0.7149792333858723,0.5793120601030645,0.5,64,32,50,512
NAS,0,0.5758791611770483,0.4111482323439707,0.5975107879347005,0.6027012402834278,0.5583520802489002,0.3643587594565133,0.5975107879347005,0.6027012402834278,2.0,64,128,50,512
NAS,1,0.655802677725429,0.4764169481977364,0.6372508406624604,0.6768723864744686,0.6270195519500957,0.3988464448204505,0.6360216970709104,0.6550279253880933,2.0,64,128,50,512
NAS,2,0.5982575947304583,0.4091092408538068,0.5775616373605208,0.6757213809219529,0.5800925377403552,0.3687666899719164,0.568907616722655,0.6644145931185648,2.0,64,128,50,512
NAS,0,0.6633484458323934,0.4749234140979218,0.7234535138406702,0.6396214720396869,0.6532454810888035,0.4018301512602672,0.7310052855249821,0.6435897260079408,5.0,64,320,50,512
NAS,1,0.6348086831275142,0.4382571660379197,0.6364165793889315,0.6589922831752465,0.6083563523617848,0.3888832468678159,0.683922265945982,0.5705355641299383,5.0,64,320,50,512
NAS,2,0.6643469516143778,0.48218192468689497,0.7029846851494472,0.6477740890904449,0.6708963131387542,0.4228662786502614,0.7322158423211977,0.6446244357380662,5.0,64,320,50,512
